{
  "connectivity_ratio": 0.29027304382393865,
  "min_distance": 0.3868906795978546,
  "avg_distance": 7.1806769371032715,
  "convergence_error": 0.5363072156906128,
  "num_drones": 1166
}