{
  "connectivity_ratio": 0.30369829862402875,
  "min_distance": 0.04475799575448036,
  "avg_distance": 7.015182971954346,
  "convergence_error": 0.7817245721817017,
  "num_drones": 1939
}