{
  "connectivity_ratio": 0.27710801378547123,
  "min_distance": 0.3008122742176056,
  "avg_distance": 7.475386619567871,
  "convergence_error": 0.7067991495132446,
  "num_drones": 1174
}