{
  "connectivity_ratio": 0.36228228228228226,
  "min_distance": 0.35691022872924805,
  "avg_distance": 6.671595573425293,
  "convergence_error": 0.5812379121780396,
  "num_drones": 1000
}