{
  "connectivity_ratio": 0.37256538675570394,
  "min_distance": 0.45967355370521545,
  "avg_distance": 6.550702095031738,
  "convergence_error": 0.4246891438961029,
  "num_drones": 600
}